series,changepoint_prior_scale,RMSE
UK,0.05,4408758.507439105
UK,0.1,6272553.318591947
UK,0.3,7998864.417431655
UK,0.5,9068803.47492362
