region_name,year,co2e_tonnes_total
South East,2024,16892985.44137194
East of England,2024,12487233.548805011
North West,2024,11792812.260646503
South West,2024,10942610.815403324
West Midlands,2024,10798680.772771014
