year,co2e_tonnes_total_forecast
2025,108012557.3109414
2026,108012557.3109414
2027,108012557.3109414
2028,108012557.3109414
2029,108012557.3109414
2030,108012557.3109414
